시간,전화번호,질문,GPT응답
2025-05-25 18:08:04,1012345678,"주문한거 언제 도착하나요
","안녕하세요, 홍길동 고객님. 무선 마우스 주문 관련하여 문의해주셔서 감사합니다.

현재 고객님의 상품은 배송 중에 있어 정확한 도착 일자를 알려드리기는 어렵습니다. 그러나, 보통 배송은 주문 후 3-5일 정도 소요되는 것이 일반적입니다. 따라서 고객님께서 주문하신 상품은 2025년 05월 18일 혹은 20일 사이에 도착할 예정입니다.

배송 상태는 고객님께서 이메일 또는 문자 메시지를 통해 확인하실 수 있으며, 추가적인 문의사항이 있으시다면 언제든지 연락주시기 바랍니다. 

홍길동 고객님의 소중한 주문에 감사드리며, 빠른 시일 내에 고객님께 상품이 도착하길 바랍니다. 좋은 하루 보내세요."
2025-05-25 18:08:41,1098765432,"주문한거 언제 도착하나요
","안녕하세요, 김영희 고객님. 문의주신 노트북 받침대는 이미 2025년 5월 14일에 배송 완료되었습니다. 받지 못하셨다면 배송사 및 주변을 확인해주시기 바랍니다. 이외에 궁금한 점이 있으시면 언제든지 문의해주세요. 감사합니다."
2025-05-25 18:16:47,1098765432,안녕,"안녕하세요, 김영희 고객님.

주문하신 '노트북 받침대'가 정상적으로 배송 완료되었음을 알려드립니다. 2025년 5월 14일에 주문하신 상품이며, 현재까지 불량 또는 문제가 발생하지 않았습니다.

상품을 잘 받아보셨는지, 그리고 상품에 만족하셨는지 궁금합니다. 만약 상품에 문제가 있거나 궁금한 점이 있다면 언제든지 연락주시면 친절하게 답변해드리겠습니다. 김영희 고객님의 소중한 소비에 감사드리며, 더 좋은 서비스를 제공하고자 항상 노력하는 모습 보여드리겠습니다.

행복한 하루 보내세요. 감사합니다."
2025-05-25 18:17:21,1098765432,주문번호알려줘,"[고객님께]
안녕하세요, 김영희 고객님. 귀하가 주문하신 노트북 받침대 상품에 대한 주문번호를 문의하시는 것으로 보입니다. 하지만 고객님의 주문정보에 주문번호에 대한 데이터가 없어 죄송하게도 바로 알려드리지 못하는 상황입니다. 이점 양해 부탁드립니다. 

주문번호 확인을 위해선, 주문하신 사이트에 접속하셔서 [나의 주문 내역] 혹은, [주문/배송조회] 메뉴를 통해 확인이 가능합니다. 혹은 주문하신 쇼핑몰의 고객센터로 문의하시면 확인에 도움을 드릴 수 있습니다.

다시 한번 김영희 고객님의 소중한 주문에 감사드리며, 추가적인 문의사항이 있으시다면 언제든지 알려주세요. 감사합니다."
2025-05-25 18:19:59,1098765432,홍길동 전화번호 알려줘,"[고객님께]
안녕하세요, 김영희 고객님. 

다름이 아니라 질문 주신 내용과 관련하여서는 개인정보보호법에 따라 타인의 개인정보를 불법적으로 제공하거나 이용할 수 없음을 알려드리며, 이 점 양해해주시면 감사하겠습니다. 고객님이 요청하신 홍길동님의 전화번호 정보 제공은 불가능한 점 양해 부탁드립니다.

만약 다른 문의사항이 있으시다면 아무 때나 말씀해 주시기 바랍니다. 항상 최선을 다해 고객님의 만족을 위해 노력하겠습니다.

감사합니다."
2025-05-26 14:23:38,1012345678,지금 배송중 인가요?,"안녕하세요, 홍길동 고객님. 
고객님께서 주문하신 무선 마우스는 현재 배송 중입니다. 회사 정책에 따르면, 배송은 영업일 기준으로 2~3일이 소요됩니다. 따라서 고객님의 상품은 주문일인 2025년 5월 15일 이후 2~3일 내로 도착할 예정입니다. 고객님의 양해와 기다림에 감사드립니다. 상품 수령까지 다소 시간이 걸릴 수 있으니 조금만 더 기다려주시길 부탁드립니다. 추가로 궁금한 사항이 있으시면 언제든지 문의주세요. 감사합니다."
2025-05-26 14:25:00,1012345678,교환은 어떻게 하나요?,"안녕하세요, 홍길동 고객님.

제품 교환에 관해 문의해주셔서 감사합니다.

먼저, 제품에 문제가 있다면 불편함을 드려 대단히 죄송합니다. 저희 회사의 정책에 따라, 제품에 이상이 있는 경우 구매일로부터 7일 이내에 무상 교환을 진행하고 있습니다.

교환을 원하시면 아래와 같이 진행해주시기 바랍니다:

1. 고객센터로 전화하시고, 문제가 발생한 제품과 함께 교환을 원한다는 사실을 알려주시기 바랍니다. 혹은 웹사이트 상의 '교환/환불' 항목에서 요청하실 수도 있습니다.
2. 상담원으로부터 교환을 위한 사전 확인을 받으신 후, 제품을 저희 회사로 반송해주시면 됩니다.
3. 저희 측에서 제품을 접수하고 확인한 후, 교환 처리를 진행하겠습니다.

반송 비용은 저희가 부담하며, 상세한 사항은 전화든 웹사이트든 언제든지 문의하실 수 있습니다.

추가로 궁금하신 점이 있으시면 언제든지 문의해 주시면 감사하겠습니다.

고객님의 불편을 최소화하고자 노력하는 저희 회사가 되겠습니다. 항상 저희 제품을 이용해 주셔서 감사합니다.

좋은 하루 보내시길 바랍니다."
2025-05-27 17:23:35,1012345678,주문한거 언제오나여,"안녕하세요, 홍길동 고객님. 
주문해 주신 무선 마우스에 대한 문의에 답변 드리겠습니다. 

고객님의 상품은 현재 배송 중에 있습니다. 주문일로부터 대체적으로 2-4일 내로 도착하는 것이 일반적이오니, 조금만 더 기다려 주시기 바랍니다. 

더욱 정확한 배송 정보는 배송 추적 사이트를 통해 확인하실 수 있습니다. 만약 추가적인 문의 사항이 있으시다면 언제든지 연락 주세요. 

늘 고객님께 최선을 다하는 모습을 보여드리도록 노력하겠습니다. 감사합니다."
2025-05-27 17:24:12,1012345678,환불하고 싶은데 어떻게 하나요,"안녕하세요, 홍길동 고객님. 상품에 만족하지 못하신 점 진심으로 죄송합니다. 

무선 마우스에 대한 환불을 원하신다면 우선 상품 수령일로부터 7일 이내에 반품 요청을 하시면 됩니다. 이미 상품배송이 진행 중이므로, 상품을 수령하신 후 제품 실물을 확인하신 뒤 환불 요청을 해주시기 바랍니다. 이때 제품의 내용물은 원상태를 유지해주셔야 합니다.

환불 요청은 홈페이지나 애플리케이션의 '주문 내역'에서 가능하며, 배송비 등 추가 비용이 발생할 수 있으니 상세한 환불 규정은 환불정책 페이지를 참고해주시기 바랍니다.

더 궁금하신 사항이나 도움이 필요하신 부분이 있다면 언제든지 문의 주시면 신속하고 친절하게 답변 드리도록 하겠습니다. 감사합니다."
2025-05-27 17:51:51,1012345678,배송상태알려줘,"안녕하세요, 홍길동 고객님. 고객님께서 주문하신 ""무선 마우스"" 상품에 대해 문의주셨습니다. 확인 결과 해당 상품은 이미 배송이 완료된 상태로 보여집니다. 바로 사용하실 수 있을 것으로 생각됩니다. 더 궁금하신 사항 있으시면 언제든지 문의해주세요. 감사합니다."
2025-05-27 17:52:13,01012345678,노트북은?,"안녕하세요, 홍길동 고객님.

주문하신 상품은 무선 마우스로, 노트북에 대한 주문이나 문의 내용은 확인되지 않았습니다. 만약 노트북 관련하여 궁금하신 점이나 문의사항이 있으시다면 자세히 알려주시면 도와드리겠습니다. 

감사합니다."
